ISM,Variations,"Store Count","Example Store"
5PP,Cans,206,"1100 - Cessnock"
4PL,"Cans Mall",63,"1102 - Hurstville Mall"
4PL,Cans,286,"1107 - Ballan Service Centre"
4PP,Cans,3,"1138 - Forster"
4PL,"Bendigo-Test Cans",5,"1151 - Echuca"
5PP,"Bendigo-Test Cans",4,"1160 - Swan Hill"
5PP,"Collins Cans",88,"1192 - Treendale"
4PL,"Collins Cans",118,"1277 - Dulwich Hill"
4PL,"Halal Cans",4,"1281 - Bankstown South"
4PL,"Freeze-Pepsi-Raspberry Cans Mall",2,"1329 - West End Plaza Food Court"
4PL,"Freeze-Pepsi-Mountain-Dew Cans Mall",8,"1367 - Erina Fair"
5PP,"Cans Mall",12,"1368 - Melbourne Central Food Court"
4PL,"Cups Mall",7,"1390 - Macarthur Shopping Centre"
4PL,"Freeze-Pepsi-Mountain-Dew Cups Mall",6,"1413 - Dandenong Plaza"
4PL,"Cans Small-Box",1,"1431 - Carlton"
4PL,"Bendigo-Test Cans Mall",1,"1434 - Bendigo Marketplace"
5PP,"Freeze-Pepsi-Raspberry Cans",1,"1479 - Mean Fiddler"
3PL,"Cans Small-Box",1,"1902 - St Kilda"
4PL,"Kwench-Test Cans",4,"2215 - Shellharbour"
4PL,"Kwench-Test Cans Mall",2,"2227 - Shellharbour Food Court"
4PL,"Kwench-National Cans",3,"7868 - Glenelg"
5PP,"Kwench-National Cans",18,"7870 - Eastwood"
5PP,"Cans Small-Box",1,"2311 - Pulteney Street"
3PL,Cans,1,"2312 - Kings Cross"
5pp,Cans,1,"2323 - Ballina Travel Centre"
4PL,"Collins Cans Mall",2,"2332 - Chatswood Interchange"
,Cans,13,"2344 - Epping DTO"
5PP,"Halal Cans",1,"2361 - Campbellfield"
4PL,"Cans Airport",1,"2391 - T1 Sydney Airport"
5PP,"Cans Airport",2,"2393 - T2 Sydney Airport"
5PP,"Kwench-Test Cans",3,"6619 - Warrawong"
4PL,"Collins Cups Mall",2,"9708 - Queen Street Mall Brisbane"
5PP,"Collins Kwench-Test Cans",3,"9739 - Edmonton"
4PL,"Collins Kwench-Test Cans",2,"9769 - Cairns"
4PP,"Collins Cans",1,"9808 - Toowoomba South"
4PL,"Freeze-Pepsi-Mountain-Dew Cans",2,"9809 - Ingham"
3PL,"Collins Cans",2,"9824 - Kallangur"
4PL,"Freeze-Pepsi-Mountain-Dew Collins Cans",1,"9830 - Mareeba"
3PL,"Freeze-Pepsi-Mountain-Dew Collins Cans",1,"9848 - Tannum Sands"
4PL,"Freeze-Pepsi-Mountain-Dew Collins Cups Mall",2,"9849 - Garden City FC Qld"
3PL,"Freeze-Pepsi-Mountain-Dew Cups",1,"9852 - Carindale Food Court"
3PL,"Freeze-Raspberry-Mountain-Dew Kwench-Test Cans",1,"9886 - Cairns Central Food Court"
4PL,"Freeze-Raspberry-Mountain-Dew Cans Mall",1,"9897 - Rockhampton Food Court"
5PP,"Collins Cups Mall",1,"9914 - William Street"
1PP,Cans,3,"ENTPRI - Entwined Lab - PRI"
5PP,"Hobart Cans",1,"9505 - Hobart"
